email,name
sraspin0@nationalgeographic.com,Siusan Raspin
bsutherland1@myspace.com,Babbie Sutherland
gtague2@google.nl,Guinevere Tague
amacconchie3@uol.com.br,Avie MacConchie
splumtree4@who.int,Stanly Plumtree
rheffernon5@ameblo.jp,Rosalind Heffernon
mshovell6@prweb.com,Melony Shovell
mwhyberd7@smugmug.com,Mano Whyberd
hverrico8@simplemachines.org,Hinze Verrico
ymully9@parallels.com,Yul Mully
trozeta@craigslist.org,Tiffanie Rozet
gjorckb@mac.com,Gertruda Jorck
fgormanc@mysql.com,Frederik Gorman
adooherd@indiegogo.com,Arie Dooher
lroomese@intel.com,Laura Roomes
tsoamesf@cnn.com,Thornton Soames
klarving@intel.com,Karoly Larvin
striggh@theguardian.com,Skip Trigg
lgasperoi@uol.com.br,Lisa Gaspero
dgerokj@pcworld.com,Dall Gerok
chynamk@last.fm,Crista Hynam
gsherrl@fda.gov,Georgetta Sherr
mtrinemanm@mit.edu,Madalena Trineman
ctrattonn@symantec.com,Clemmy Tratton
kwalklateo@storify.com,Konrad Walklate
syvenp@edublogs.org,Sue Yven
tdeq@economist.com,Teddy De Filippis
bburgonr@elpais.com,Bev Burgon
asaunders@seattletimes.com,Aubrie Saunder
squembyt@so-net.ne.jp,Starlin Quemby
dkluliku@blinklist.com,Donella Klulik
mbardev@ycombinator.com,Milissent Barde
pmcgoldrickw@nih.gov,Penny McGoldrick
eemnoneyx@epa.gov,Estell Emnoney
ecelandy@weather.com,Emelyne Celand
uokeyz@google.com.au,Urban Okey
zbruntjen10@printfriendly.com,Zandra Bruntjen
wwasbrough11@soundcloud.com,Willow Wasbrough
sholsall12@google.co.uk,Stephi Holsall
mkenrat13@angelfire.com,Marcelle Kenrat
cinglesfield14@skype.com,Carmine Inglesfield
nbrocklebank15@bloglovin.com,Nero Brocklebank
twilletts16@hostgator.com,Tarra Willetts
eleavesley17@sitemeter.com,Elena Leavesley
cconachy18@yellowbook.com,Corbin Conachy
mgagin19@squarespace.com,Myrna Gagin
creynoollds1a@multiply.com,Carolyn Reynoollds
tshawdforth1b@ezinearticles.com,Theo Shawdforth
mcornes1c@last.fm,Marinna Cornes
ldunbleton1d@amazon.de,Leonid Dunbleton
lhardwin1e@vk.com,Lek Hardwin
dhordell1f@dagondesign.com,Daile Hordell
bvenners1g@weather.com,Bogart Venners
ddodman1h@time.com,Darda Dodman
ogerson1i@vimeo.com,Olva Gerson
lcarbine1j@posterous.com,Lalo Carbine
gnunn1k@nifty.com,Gregor Nunn
ibrute1l@nba.com,Ina Brute
drathjen1m@japanpost.jp,Dale Rathjen
vmccarrison1n@auda.org.au,Vanessa McCarrison
wlarmor1o@ycombinator.com,Witty Larmor
ecovotto1p@amazon.de,Emmott Covotto
eackeroyd1q@ucsd.edu,Emlynn Ackeroyd
pbellison1r@boston.com,Pauli Bellison
lrugieri1s@hexun.com,Lonnie Rugieri
trhoades1t@chicagotribune.com,Thoma Rhoades
dwarstall1u@networksolutions.com,Dita Warstall
kcorrao1v@flickr.com,Kristi Corrao
ndixie1w@cpanel.net,Nikos Dixie
dsolman1x@xinhuanet.com,Denys Solman
fnicklin1y@admin.ch,Farly Nicklin
edambrosi1z@rakuten.co.jp,Earle D'Ambrosi
wculshaw20@wordpress.org,Walton Culshaw
rmcgrady21@mashable.com,Rriocard McGrady
jbryns22@dropbox.com,Jaymee Bryns
ssamwaye23@tmall.com,Stormie Samwaye
tpine24@shareasale.com,Terrance Pine
bdimic25@si.edu,Brigham Dimic
frosenhaus26@ask.com,Fredia Rosenhaus
fstorah27@google.pl,Frederich Storah
jtrappe28@netlog.com,Jefferson Trappe
bpendergrast29@yandex.ru,Brena Pendergrast
wkuller2a@hao123.com,Wyatt Kuller
bfontes2b@yandex.ru,Broderic Fontes
chealeas2c@lulu.com,Cam Healeas
jgillatt2d@biglobe.ne.jp,Jard Gillatt
wblick2e@webeden.co.uk,Woodrow Blick
asavill2f@businessweek.com,Abramo Savill
mpuddicombe2g@slate.com,Magdaia Puddicombe
lmccaughren2h@harvard.edu,Lucretia McCaughren
ibozward2i@printfriendly.com,Iosep Bozward
dkinzel2j@engadget.com,Dasya Kinzel
ao2k@upenn.edu,Andree O' Borne
mguard2l@hexun.com,Myrna Guard
wmabon2m@europa.eu,Wait Mabon
cwatkin2n@bloglovin.com,Celie Watkin
bwalkowski2o@msu.edu,Berti Walkowski
ktraylen2p@toplist.cz,Kendell Traylen
odemongeot2q@yellowbook.com,Octavia Demongeot
dbetz2r@state.tx.us,Dionis Betz
